-- phpMyAdmin SQL Dump
-- version 5.2.1
-- https://www.phpmyadmin.net/
--
-- Host: 127.0.0.1
-- Generation Time: Jan 08, 2025 at 12:17 PM
-- Server version: 10.4.32-MariaDB
-- PHP Version: 8.2.12

SET SQL_MODE = "NO_AUTO_VALUE_ON_ZERO";
START TRANSACTION;
SET time_zone = "+00:00";


/*!40101 SET @OLD_CHARACTER_SET_CLIENT=@@CHARACTER_SET_CLIENT */;
/*!40101 SET @OLD_CHARACTER_SET_RESULTS=@@CHARACTER_SET_RESULTS */;
/*!40101 SET @OLD_COLLATION_CONNECTION=@@COLLATION_CONNECTION */;
/*!40101 SET NAMES utf8mb4 */;

--
-- Database: `bookshop`
--

-- --------------------------------------------------------

--
-- Table structure for table `baiviet`
--

CREATE TABLE `baiviet` (
  `id` bigint(20) UNSIGNED NOT NULL,
  `tieude` varchar(255) NOT NULL,
  `slug` varchar(255) NOT NULL,
  `noidung` varchar(255) NOT NULL,
  `anhbaiviet` varchar(255) NOT NULL,
  `trangthai` tinyint(1) NOT NULL DEFAULT 1,
  `created_at` timestamp NULL DEFAULT NULL,
  `updated_at` timestamp NULL DEFAULT NULL,
  `chude` varchar(255) DEFAULT NULL
) ENGINE=InnoDB DEFAULT CHARSET=utf8mb4 COLLATE=utf8mb4_unicode_ci;

--
-- Dumping data for table `baiviet`
--

INSERT INTO `baiviet` (`id`, `tieude`, `slug`, `noidung`, `anhbaiviet`, `trangthai`, `created_at`, `updated_at`, `chude`) VALUES
(1, 'Sách Hè 2025: Những Cuốn Sách Đáng Đọc', 'sach-he-2025-nhung-cuon-sach-dang-doc', 'Sách hè 2025 là thời điểm lý tưởng để bạn đọc những cuốn sách đầy bổ ích.', 'bookimage1.jpg', 1, '2025-01-03 02:51:38', '2025-01-03 02:51:38', 'Văn học'),
(2, 'Khám Phá Những Tác Phẩm Kinh Điển', 'kham-pha-nhung-tac-pham-kinh-dien', 'Các tác phẩm kinh điển không chỉ có giá trị về mặt lịch sử mà còn chứa đựng những thông điệp sâu sắc...', 'bookimage2.jpg', 1, '2025-01-03 02:51:38', '2025-01-03 02:51:38', 'Văn học cổ điển'),
(3, 'Văn Học Hiện Đại: Những Cuốn Sách Phải Đọc', 'van-hoc-hien-dai-nhung-cuon-sach-phai-doc', 'Văn học hiện đại mang đến những trải nghiệm mới mẻ và là nguồn cảm hứng cho nhiều người.', 'bookimage3.jpg', 1, '2025-01-03 02:51:38', '2025-01-03 02:51:38', 'Văn học hiện đại'),
(4, 'Sách Thiếu Nhi: Những Cuốn Sách Hấp Dẫn', 'sach-thieu-nhi-nhung-cuon-sach-hap-dan', 'Những cuốn sách thiếu nhi không chỉ giúp các em phát triển tư duy mà còn tạo ra những bài học cuộc sống.', 'bookimage4.jpg', 1, '2025-01-03 02:51:38', '2025-01-03 02:51:38', 'Sách thiếu nhi'),
(5, 'Sách Hè 2025: Những Cuốn Sách Đáng Đọc', 'sach-he-2025-nhung-cuon-sach-dang-doc', 'Sách hè 2025 là thời điểm lý tưởng để bạn đọc những cuốn sách đầy bổ ích.', 'bookimage1.jpg', 1, '2025-01-03 02:51:51', '2025-01-03 02:51:51', 'Văn học'),
(6, 'Khám Phá Những Tác Phẩm Kinh Điển', 'kham-pha-nhung-tac-pham-kinh-dien', 'Các tác phẩm kinh điển không chỉ có giá trị về mặt lịch sử mà còn chứa đựng những thông điệp sâu sắc...', 'bookimage2.jpg', 1, '2025-01-03 02:51:51', '2025-01-03 02:51:51', 'Văn học cổ điển'),
(7, 'Văn Học Hiện Đại: Những Cuốn Sách Phải Đọc', 'van-hoc-hien-dai-nhung-cuon-sach-phai-doc', 'Văn học hiện đại mang đến những trải nghiệm mới mẻ và là nguồn cảm hứng cho nhiều người.', 'bookimage3.jpg', 1, '2025-01-03 02:51:51', '2025-01-03 02:51:51', 'Văn học hiện đại'),
(8, 'Sách Thiếu Nhi: Những Cuốn Sách Hấp Dẫn', 'sach-thieu-nhi-nhung-cuon-sach-hap-dan', 'Những cuốn sách thiếu nhi không chỉ giúp các em phát triển tư duy mà còn tạo ra những bài học cuộc sống.', 'bookimage4.jpg', 1, '2025-01-03 02:51:51', '2025-01-03 02:51:51', 'Sách thiếu nhi'),
(9, 'Sách Hè 2025: Những Cuốn Sách Đáng Đọc', 'sach-he-2025-nhung-cuon-sach-dang-doc', 'Sách hè 2025 là thời điểm lý tưởng để bạn đọc những cuốn sách đầy bổ ích.', 'bookimage1.jpg', 1, '2025-01-03 02:51:56', '2025-01-03 02:51:56', 'Văn học'),
(10, 'Khám Phá Những Tác Phẩm Kinh Điển', 'kham-pha-nhung-tac-pham-kinh-dien', 'Các tác phẩm kinh điển không chỉ có giá trị về mặt lịch sử mà còn chứa đựng những thông điệp sâu sắc...', 'bookimage2.jpg', 1, '2025-01-03 02:51:56', '2025-01-03 02:51:56', 'Văn học cổ điển'),
(11, 'Văn Học Hiện Đại: Những Cuốn Sách Phải Đọc', 'van-hoc-hien-dai-nhung-cuon-sach-phai-doc', 'Văn học hiện đại mang đến những trải nghiệm mới mẻ và là nguồn cảm hứng cho nhiều người.', 'bookimage3.jpg', 1, '2025-01-03 02:51:56', '2025-01-03 02:51:56', 'Văn học hiện đại'),
(12, 'Sách Thiếu Nhi: Những Cuốn Sách Hấp Dẫn', 'sach-thieu-nhi-nhung-cuon-sach-hap-dan', 'Những cuốn sách thiếu nhi không chỉ giúp các em phát triển tư duy mà còn tạo ra những bài học cuộc sống.', 'bookimage4.jpg', 1, '2025-01-03 02:51:56', '2025-01-03 02:51:56', 'Sách thiếu nhi');

-- --------------------------------------------------------

--
-- Table structure for table `cache`
--

CREATE TABLE `cache` (
  `key` varchar(255) NOT NULL,
  `value` mediumtext NOT NULL,
  `expiration` int(11) NOT NULL
) ENGINE=InnoDB DEFAULT CHARSET=utf8mb4 COLLATE=utf8mb4_unicode_ci;

-- --------------------------------------------------------

--
-- Table structure for table `cache_locks`
--

CREATE TABLE `cache_locks` (
  `key` varchar(255) NOT NULL,
  `owner` varchar(255) NOT NULL,
  `expiration` int(11) NOT NULL
) ENGINE=InnoDB DEFAULT CHARSET=utf8mb4 COLLATE=utf8mb4_unicode_ci;

-- --------------------------------------------------------

--
-- Table structure for table `chitietgiohang`
--

CREATE TABLE `chitietgiohang` (
  `MaChiTietGioHang` bigint(20) NOT NULL,
  `MaGioHang` bigint(20) NOT NULL,
  `MaKhachHang` bigint(20) NOT NULL,
  `MaSach` bigint(20) DEFAULT NULL,
  `TrangThai` tinyint(4) DEFAULT NULL
) ENGINE=InnoDB DEFAULT CHARSET=utf8mb4 COLLATE=utf8mb4_unicode_ci;

--
-- Dumping data for table `chitietgiohang`
--

INSERT INTO `chitietgiohang` (`MaChiTietGioHang`, `MaGioHang`, `MaKhachHang`, `MaSach`, `TrangThai`) VALUES
(1, 1, 1, 5, 1),
(2, 1, 1, 4, 1);

-- --------------------------------------------------------

--
-- Table structure for table `chitiethoadon`
--

CREATE TABLE `chitiethoadon` (
  `MaChiTietHoaDon` bigint(20) NOT NULL,
  `MaHoaDon` bigint(20) DEFAULT NULL,
  `MaSach` bigint(20) DEFAULT NULL,
  `SoLuong` int(11) DEFAULT NULL,
  `DonGia` decimal(15,2) DEFAULT NULL,
  `TongTien` decimal(15,2) GENERATED ALWAYS AS (`SoLuong` * `DonGia`) VIRTUAL
) ENGINE=InnoDB DEFAULT CHARSET=utf8mb4 COLLATE=utf8mb4_unicode_ci;

--
-- Dumping data for table `chitiethoadon`
--

INSERT INTO `chitiethoadon` (`MaChiTietHoaDon`, `MaHoaDon`, `MaSach`, `SoLuong`, `DonGia`) VALUES
(1, 5, 7, 1, 300000.00),
(2, 5, 8, 1, 30000.00),
(3, 6, 9, 1, 300000.00),
(4, 7, 1, 1, 117000.00),
(5, 8, 9, 1, 30000.00);

-- --------------------------------------------------------

--
-- Table structure for table `danhgiasanpham`
--

CREATE TABLE `danhgiasanpham` (
  `MaDanhGia` bigint(20) UNSIGNED NOT NULL,
  `MaHoaDon` bigint(20) NOT NULL,
  `MaKhachHang` bigint(20) NOT NULL,
  `MaSach` bigint(20) NOT NULL,
  `NoiDung` text DEFAULT NULL,
  `NgayDanhGia` datetime DEFAULT NULL,
  `TrangThai` tinyint(4) DEFAULT NULL
) ENGINE=InnoDB DEFAULT CHARSET=utf8mb4 COLLATE=utf8mb4_unicode_ci;

--
-- Dumping data for table `danhgiasanpham`
--

INSERT INTO `danhgiasanpham` (`MaDanhGia`, `MaHoaDon`, `MaKhachHang`, `MaSach`, `NoiDung`, `NgayDanhGia`, `TrangThai`) VALUES
(1, 7, 1, 1, 'Đã nhận hàng', '2025-01-08 00:00:00', 1);

-- --------------------------------------------------------

--
-- Table structure for table `danhmuc`
--

CREATE TABLE `danhmuc` (
  `id` bigint(20) UNSIGNED NOT NULL,
  `name` varchar(255) NOT NULL,
  `parent_id` bigint(20) UNSIGNED DEFAULT NULL,
  `created_at` timestamp NULL DEFAULT NULL,
  `updated_at` timestamp NULL DEFAULT NULL
) ENGINE=InnoDB DEFAULT CHARSET=utf8mb4 COLLATE=utf8mb4_unicode_ci;

--
-- Dumping data for table `danhmuc`
--

INSERT INTO `danhmuc` (`id`, `name`, `parent_id`, `created_at`, `updated_at`) VALUES
(1, 'Văn học', NULL, NULL, NULL),
(2, 'Tiểu thuyết', 1, NULL, NULL),
(3, 'Truyện ngắn', 1, NULL, NULL),
(4, 'Trinh thám', 1, NULL, NULL),
(5, 'Kinh tế', NULL, NULL, NULL),
(6, 'Quản trị - lãnh đạo', 5, NULL, NULL),
(7, 'Marketing', 5, NULL, NULL),
(8, 'Phân tích kinh tế', 5, NULL, NULL),
(9, 'Sách thiếu nhi', NULL, NULL, NULL),
(10, 'Truyện tranh', 9, NULL, NULL),
(11, 'Kiến thức bách khoa', 9, NULL, NULL);

-- --------------------------------------------------------

--
-- Table structure for table `danhsachyeuthich`
--

CREATE TABLE `danhsachyeuthich` (
  `MaKH` bigint(20) DEFAULT NULL,
  `MaSP` bigint(20) DEFAULT NULL,
  `TrangThai` binary(1) DEFAULT NULL
) ENGINE=InnoDB DEFAULT CHARSET=utf8mb4 COLLATE=utf8mb4_unicode_ci;

--
-- Dumping data for table `danhsachyeuthich`
--

INSERT INTO `danhsachyeuthich` (`MaKH`, `MaSP`, `TrangThai`) VALUES
(1, 2, 0x01),
(1, 8, 0x01);

-- --------------------------------------------------------

--
-- Table structure for table `failed_jobs`
--

CREATE TABLE `failed_jobs` (
  `id` bigint(20) UNSIGNED NOT NULL,
  `uuid` varchar(255) NOT NULL,
  `connection` text NOT NULL,
  `queue` text NOT NULL,
  `payload` longtext NOT NULL,
  `exception` longtext NOT NULL,
  `failed_at` timestamp NOT NULL DEFAULT current_timestamp()
) ENGINE=InnoDB DEFAULT CHARSET=utf8mb4 COLLATE=utf8mb4_unicode_ci;

-- --------------------------------------------------------

--
-- Table structure for table `giohang`
--

CREATE TABLE `giohang` (
  `MaGioHang` bigint(20) NOT NULL,
  `MaKhachHang` bigint(20) DEFAULT NULL,
  `TongTien` decimal(15,2) DEFAULT NULL
) ENGINE=InnoDB DEFAULT CHARSET=utf8mb4 COLLATE=utf8mb4_unicode_ci;

--
-- Dumping data for table `giohang`
--

INSERT INTO `giohang` (`MaGioHang`, `MaKhachHang`, `TongTien`) VALUES
(1, 1, 320000.00);

-- --------------------------------------------------------

--
-- Table structure for table `hoadon`
--

CREATE TABLE `hoadon` (
  `MaHoaDon` bigint(20) NOT NULL,
  `MaKhachHang` bigint(20) DEFAULT NULL,
  `NgayLap` datetime DEFAULT NULL,
  `TongTien` decimal(15,2) DEFAULT NULL,
  `TrangThai` varchar(50) DEFAULT NULL,
  `PT_ThanhToan` bigint(20) DEFAULT NULL,
  `DiaChi` varchar(255) DEFAULT NULL
) ENGINE=InnoDB DEFAULT CHARSET=utf8mb4 COLLATE=utf8mb4_unicode_ci;

--
-- Dumping data for table `hoadon`
--

INSERT INTO `hoadon` (`MaHoaDon`, `MaKhachHang`, `NgayLap`, `TongTien`, `TrangThai`, `PT_ThanhToan`, `DiaChi`) VALUES
(5, 1, '2025-01-08 17:50:41', 330000.00, 'Đang chờ ', 1, '65 Huỳnh Thúc Kháng, Bến Nghé, Quận 1, Hồ Chí Minh 700000'),
(6, 1, '2025-01-08 17:50:41', 30000.00, 'đang giao hàng', 1, '65 Huỳnh Thúc Kháng, Bến Nghé, Quận 1, Hồ Chí Minh 700000'),
(7, 1, '2025-01-08 17:53:34', 117000.00, 'Hoàn thành', 1, '65 Huỳnh Thúc Kháng, Bến Nghé, Quận 1, Hồ Chí Minh 700000'),
(8, 1, '2025-01-08 17:53:34', 30000.00, 'đã hủy', 1, '65 Huỳnh Thúc Kháng, Bến Nghé, Quận 1, Hồ Chí Minh 700000');

-- --------------------------------------------------------

--
-- Table structure for table `jobs`
--

CREATE TABLE `jobs` (
  `id` bigint(20) UNSIGNED NOT NULL,
  `queue` varchar(255) NOT NULL,
  `payload` longtext NOT NULL,
  `attempts` tinyint(3) UNSIGNED NOT NULL,
  `reserved_at` int(10) UNSIGNED DEFAULT NULL,
  `available_at` int(10) UNSIGNED NOT NULL,
  `created_at` int(10) UNSIGNED NOT NULL
) ENGINE=InnoDB DEFAULT CHARSET=utf8mb4 COLLATE=utf8mb4_unicode_ci;

-- --------------------------------------------------------

--
-- Table structure for table `job_batches`
--

CREATE TABLE `job_batches` (
  `id` varchar(255) NOT NULL,
  `name` varchar(255) NOT NULL,
  `total_jobs` int(11) NOT NULL,
  `pending_jobs` int(11) NOT NULL,
  `failed_jobs` int(11) NOT NULL,
  `failed_job_ids` longtext NOT NULL,
  `options` mediumtext DEFAULT NULL,
  `cancelled_at` int(11) DEFAULT NULL,
  `created_at` int(11) NOT NULL,
  `finished_at` int(11) DEFAULT NULL
) ENGINE=InnoDB DEFAULT CHARSET=utf8mb4 COLLATE=utf8mb4_unicode_ci;

-- --------------------------------------------------------

--
-- Table structure for table `khachhang`
--

CREATE TABLE `khachhang` (
  `MaKhachHang` bigint(20) NOT NULL,
  `HoTen` varchar(255) DEFAULT NULL,
  `GioiTinh` varchar(10) DEFAULT NULL,
  `Email` varchar(255) DEFAULT NULL,
  `SoDienThoai` varchar(12) DEFAULT NULL,
  `DiaChi` varchar(255) DEFAULT NULL,
  `TrangThai` tinyint(4) DEFAULT 1,
  `TenDangNhap` varchar(255) DEFAULT NULL,
  `MatKhau` varchar(255) DEFAULT NULL
) ENGINE=InnoDB DEFAULT CHARSET=utf8mb4 COLLATE=utf8mb4_unicode_ci;

--
-- Dumping data for table `khachhang`
--

INSERT INTO `khachhang` (`MaKhachHang`, `HoTen`, `GioiTinh`, `Email`, `SoDienThoai`, `DiaChi`, `TrangThai`, `TenDangNhap`, `MatKhau`) VALUES
(1, 'Nguyễn Văn A', 'Nam', 'email0@gmail.com', '0123456789', '65 Huỳnh Thúc Kháng, Bến Nghé, Quận 1, Hồ Chí Minh 700000', 1, 'user1', '123'),
(2, 'Nguyễn Văn Hùng', 'Nam', 'email1@gmail.com', '0123456789', '65 Huỳnh Thúc Kháng, Bến Nghé, Quận 1, Hồ Chí Minh 700000', 1, 'user2', '123123'),
(3, 'Nguyễn Thị Trâm', 'Nữ', 'email2@gmail.com', '0123456789', '65 Huỳnh Thúc Kháng, Bến Nghé, Quận 1, Hồ Chí Minh 700000', 1, 'user3', '123123'),
(4, 'Nguyễn Văn Đạt', 'Nam', 'email4@gmail.com', '0123456789', '65 Huỳnh Thúc Kháng, Bến Nghé, Quận 1, Hồ Chí Minh 700000', 1, 'user4', '123123');

-- --------------------------------------------------------

--
-- Table structure for table `khuyenmai`
--

CREATE TABLE `khuyenmai` (
  `MaKhuyenMai` bigint(20) NOT NULL,
  `TenKhuyenMai` varchar(255) NOT NULL,
  `MoTa` text DEFAULT NULL,
  `NgayBatDau` datetime NOT NULL,
  `NgayKetThuc` datetime NOT NULL,
  `PhanTramGiamGia` int(11) NOT NULL,
  `TrangThai` tinyint(4) DEFAULT NULL
) ENGINE=InnoDB DEFAULT CHARSET=utf8mb4 COLLATE=utf8mb4_unicode_ci;

--
-- Dumping data for table `khuyenmai`
--

INSERT INTO `khuyenmai` (`MaKhuyenMai`, `TenKhuyenMai`, `MoTa`, `NgayBatDau`, `NgayKetThuc`, `PhanTramGiamGia`, `TrangThai`) VALUES
(1, 'GIAMGIA10', 'Giảm giá 10%', '2025-01-08 17:05:23', '2025-01-31 17:05:23', 10, 1),
(2, 'GIAMGIA15', 'Giảm giá 15%', '2025-01-08 17:05:23', '2025-01-31 17:05:23', 15, 1);

-- --------------------------------------------------------

--
-- Table structure for table `lien_he`
--

CREATE TABLE `lien_he` (
  `id` bigint(20) UNSIGNED NOT NULL,
  `ho_ten` varchar(255) NOT NULL,
  `email` varchar(255) NOT NULL,
  `chu_de` varchar(255) NOT NULL,
  `noi_dung` text NOT NULL,
  `created_at` timestamp NULL DEFAULT NULL,
  `updated_at` timestamp NULL DEFAULT NULL
) ENGINE=InnoDB DEFAULT CHARSET=utf8mb4 COLLATE=utf8mb4_unicode_ci;

--
-- Dumping data for table `lien_he`
--

INSERT INTO `lien_he` (`id`, `ho_ten`, `email`, `chu_de`, `noi_dung`, `created_at`, `updated_at`) VALUES
(1, 'Trần An', 'tranan@gmail.com', 'khuyến mãi ', 'Lorem ipsum dolor sit amet, consectetur adipiscing elit. Suspendisse ligula risus, condimentum vitae purus id, tempor efficitur mi. Sed dictum, ante eget fringilla interdum, urna est sollicitudin neque, eu tincidunt nulla orci eget ante. Ut in semper dolor. Praesent maximus elit rutrum dui condimentum convallis. Donec consequat consequat tellus, eu laoreet erat pharetra ac. Curabitur mattis, tortor eu hendrerit dapibus, tortor ante posuere quam, a fringilla justo purus ac tortor. Pellentesque enim libero, varius vitae sapien ac, eleifend consequat lacus. Maecenas imperdiet sem risus, et tincidunt mauris facilisis et. In cursus enim interdum nulla pharetra lobortis. Nam magna dui, iaculis ac lorem id, feugiat sagittis magna. Vestibulum volutpat ex at eros aliquet aliquet. Vestibulum in sollicitudin nisl. Mauris iaculis fringilla ante. Curabitur consectetur venenatis vestibulum.', '2025-01-07 17:00:00', '2025-01-07 17:00:00'),
(2, 'Sang Trần ', 'SangTran@gmail.com', 'Khuyến mãi mua hàng', 'Lorem ipsum dolor sit amet, consectetur adipiscing elit. Suspendisse ligula risus, condimentum vitae purus id, tempor efficitur mi. Sed dictum, ante eget fringilla interdum, urna est sollicitudin neque, eu tincidunt nulla orci eget ante. Ut in semper dolor. Praesent maximus elit rutrum dui condimentum convallis. Donec consequat consequat tellus, eu laoreet erat pharetra ac. Curabitur mattis, tortor eu hendrerit dapibus, tortor ante posuere quam, a fringilla justo purus ac tortor. Pellentesque enim libero, varius vitae sapien ac, eleifend consequat lacus. Maecenas imperdiet sem risus, et tincidunt mauris facilisis et. In cursus enim interdum nulla pharetra lobortis. Nam magna dui, iaculis ac lorem id, feugiat sagittis magna. Vestibulum volutpat ex at eros aliquet aliquet. Vestibulum in sollicitudin nisl. Mauris iaculis fringilla ante. Curabitur consectetur venenatis vestibulum.', '2025-01-07 17:00:00', '2025-01-07 17:00:00');

-- --------------------------------------------------------

--
-- Table structure for table `migrations`
--

CREATE TABLE `migrations` (
  `id` int(10) UNSIGNED NOT NULL,
  `migration` varchar(255) NOT NULL,
  `batch` int(11) NOT NULL
) ENGINE=InnoDB DEFAULT CHARSET=utf8mb4 COLLATE=utf8mb4_unicode_ci;

--
-- Dumping data for table `migrations`
--

INSERT INTO `migrations` (`id`, `migration`, `batch`) VALUES
(1, '0001_01_01_000000_create_users_table', 1),
(2, '0001_01_01_000001_create_cache_table', 1),
(3, '0001_01_01_000002_create_jobs_table', 1),
(4, '2024_12_07_120151_rename_categories_to_danhmuc', 2),
(5, '2025_01_01_080230_create_lien_he_table', 2);

-- --------------------------------------------------------

--
-- Table structure for table `password_reset_tokens`
--

CREATE TABLE `password_reset_tokens` (
  `email` varchar(255) NOT NULL,
  `token` varchar(255) NOT NULL,
  `created_at` timestamp NULL DEFAULT NULL
) ENGINE=InnoDB DEFAULT CHARSET=utf8mb4 COLLATE=utf8mb4_unicode_ci;

-- --------------------------------------------------------

--
-- Table structure for table `phuongthucthanhtoan`
--

CREATE TABLE `phuongthucthanhtoan` (
  `MaPhuongThuc` bigint(20) NOT NULL,
  `TenPhuongThuc` varchar(255) DEFAULT NULL,
  `MoTa` text DEFAULT NULL,
  `TrangThai` binary(1) DEFAULT NULL,
  `PhiGiaoDich` decimal(15,2) DEFAULT NULL
) ENGINE=InnoDB DEFAULT CHARSET=utf8mb4 COLLATE=utf8mb4_unicode_ci;

--
-- Dumping data for table `phuongthucthanhtoan`
--

INSERT INTO `phuongthucthanhtoan` (`MaPhuongThuc`, `TenPhuongThuc`, `MoTa`, `TrangThai`, `PhiGiaoDich`) VALUES
(1, 'PT1', 'Tien mat', 0x01, 100000.00),
(2, 'PT2', 'Chuyen khoan', 0x01, 20000.00);

-- --------------------------------------------------------

--
-- Table structure for table `sach`
--

CREATE TABLE `sach` (
  `MaSach` bigint(20) NOT NULL,
  `TenSach` varchar(255) DEFAULT NULL,
  `category_id` bigint(20) UNSIGNED DEFAULT NULL,
  `GiaNhap` decimal(15,2) DEFAULT NULL,
  `GiaBan` decimal(15,2) DEFAULT NULL,
  `SoLuong` int(11) DEFAULT NULL,
  `NamXuatBan` int(11) DEFAULT NULL,
  `MoTa` text DEFAULT NULL,
  `TrangThai` tinyint(4) DEFAULT NULL,
  `MaNXB` varchar(255) DEFAULT NULL,
  `HinhAnh` text DEFAULT NULL,
  `created_at` timestamp NULL DEFAULT NULL,
  `updated_at` timestamp NULL DEFAULT NULL
) ENGINE=InnoDB DEFAULT CHARSET=utf8mb4 COLLATE=utf8mb4_unicode_ci;

--
-- Dumping data for table `sach`
--

INSERT INTO `sach` (`MaSach`, `TenSach`, `category_id`, `GiaNhap`, `GiaBan`, `SoLuong`, `NamXuatBan`, `MoTa`, `TrangThai`, `MaNXB`, `HinhAnh`, `created_at`, `updated_at`) VALUES
(1, 'Trường Ca Achilles', 2, 70000.00, 117000.00, 5000, 2012, 'HUYỀN THOẠI BẮT ĐẦU…\r\n\r\nHy Lạp vào thời hoàng kim của các anh hùng. Patroclus là một hoàng tử trẻ vụng về, bị trục xuất tới vương quốc Phthia và được nuôi dạy dưới sự che chở của vua Peleus cùng cậu con trai hoàng kim của ngài, Achilles. “Người Hy Lạp vĩ đại nhất” – mạnh mẽ, đẹp đẽ, và mang nửa dòng máu của một nữ thần – Achilles là tất cả những gì mà Patroclus không bao giờ có được. Nhưng bất chấp sự khác biệt giữa họ, hai cậu bé trở thành chiến hữu trung thành của nhau. Tình cảm giữa họ càng đậm sâu khi cả hai lớn lên thành những chàng trai trẻ, thành thạo trong kĩ nghệ chiến đấu và y dược.\r\n\r\nKhi tin tức truyền tới rằng nàng Helen xứ Sparta đã bị bắt cóc, những chiến binh Hy Lạp, bị trói buộc bởi lời thề máu, phải nhân danh nàng mà vây hãm thành Troy. Bị cám dỗ bởi lời hứa hẹn về một số mệnh huy hoàng, Achilles tham gia hàng ngũ của họ. Bị giằng xé giữa tình yêu và nỗi lo sợ dành cho người bạn của mình, Patroclus ra trận theo Achilles. Họ không hay biết rằng các nữ thần Số Phận sẽ thử thách cả hai người họ hơn bao giờ hết và đòi hỏi một sự hi sinh khủng khiếp.\r\n\r\nDựa trên nền tảng của sử thi Iliad, câu chuyện về cuộc chiến thành Troy vĩ đại đã được Madeline Miller kể lại với tiết tấu dồn dập, lôi cuốn, và không kém phần xúc động, đánh dấu sự khởi đầu của một sự nghiệp rực rỡ.\r\n\r\nTrường Ca Achilles đã đoạt giải Orange năm 2012 và luôn nằm trong top các sách bán chạy của tờ New York Times.', 1, '1', '1736334720_TruongngCaAchilles.png', '2025-01-07 17:00:00', '2025-01-07 17:00:00'),
(2, 'Nhà Giả Kim (Tái Bản 2020)', 2, 80000.00, 120000.00, 5000, 2020, 'Tất cả những trải nghiệm trong chuyến phiêu du theo đuổi vận mệnh của mình đã giúp Santiago thấu hiểu được ý nghĩa sâu xa nhất của hạnh phúc, hòa hợp với vũ trụ và con người. \r\n\r\nTiểu thuyết Nhà giả kim của Paulo Coelho như một câu chuyện cổ tích giản dị, nhân ái, giàu chất thơ, thấm đẫm những minh triết huyền bí của phương Đông. Trong lần xuất bản đầu tiên tại Brazil vào năm 1988, sách chỉ bán được 900 bản. Nhưng, với số phận đặc biệt của cuốn sách dành cho toàn nhân loại, vượt ra ngoài biên giới quốc gia, Nhà giả kim đã làm rung động hàng triệu tâm hồn, trở thành một trong những cuốn sách bán chạy nhất mọi thời đại, và có thể làm thay đổi cuộc đời người đọc.\r\n\r\n“Nhưng nhà luyện kim đan không quan tâm mấy đến những điều ấy. Ông đã từng thấy nhiều người đến rồi đi, trong khi ốc đảo và sa mạc vẫn là ốc đảo và sa mạc. Ông đã thấy vua chúa và kẻ ăn xin đi qua biển cát này, cái biển cát thường xuyên thay hình đổi dạng vì gió thổi nhưng vẫn mãi mãi là biển cát mà ông đã biết từ thuở nhỏ. Tuy vậy, tự đáy lòng mình, ông không thể không cảm thấy vui trước hạnh phúc của mỗi người lữ khách, sau bao ngày chỉ có cát vàng với trời xanh nay được thấy chà là xanh tươi hiện ra trước mắt. ‘Có thể Thượng đế tạo ra sa mạc chỉ để cho con người biết quý trọng cây chà là,’ ông nghĩ.”\r\n\r\n- Trích Nhà giả kim', 1, '1', '1736334731_NhaGiaKim.png', '2025-01-07 17:00:00', '2025-01-07 17:00:00'),
(3, 'Trốn Lên Mái Nhà Để Khóc', 3, 50000.00, 95000.00, 5000, 2020, 'Những cơn gió heo may len lỏi vào từng góc phố nhỏ, mùa thu về gợi nhớ bao yêu thương đong đầy, bao xúc cảm dịu dàng của ký ức. Đó là nỗi nhớ đau đáu những hương vị quen thuộc của đồng nội, là hoài niệm bất chợt khi đi trên con đường cũ in dấu bao kỷ niệm... để rồi ta ước có một chuyến tàu kỳ diệu trở về những năm tháng ấy, trở về nơi nương náu bình yên sau những tháng ngày loay hoay để học cách trở thành một người lớn. Bạn sẽ được đắm mình trong những cảm xúc đẹp đẽ xen lẫn những tiếc nuối đầy lắng đọng trong “Trốn lên mái nhà đẻ khóc” của Lam.\r\n\r\n“Trốn lên mái nhà để khóc” là cuốn nhật ký nhỏ ghi lại những hoài niệm đẹp đẽ cất giữ vào góc nhỏ nơi sâu thẳm của trái tim của mỗi người, đồng thời cũng là người bạn đồng hành để chúng ta tiếp tục bước đi đến tương lai. Sau khi “Trốn lên mái nhà và khóc” khép lại, hãy mạnh mẽ để sống hết mình và để lại “những tháng năm rực rỡ”.', 1, '1', '1736334951_TronLenMaiNhaDeKhoc.png', '2025-01-07 17:00:00', '2025-01-07 17:00:00'),
(4, 'Quản Trị Bằng Văn Hóa - Cách Thức Kiến Tạo Và Tái Tạo Văn Hóa Tổ Chức', 6, 80000.00, 200000.00, 5000, 2020, 'Thông qua cuốn sách, TS Giản Tư Trung cũng mong muốn góp phần cổ vũ và thúc đẩy cho sự phát triển của một phương cách quản trị mới, vừa nhân văn, vừa hiệu quả, đó là “Quản trị bằng Văn hóa / Quản trị bằng Tự trị” (Management by Culture /\r\n\r\nManagement by Self-Mangement). Bởi lẽ tác giả tin rằng, bên cạnh các phương cách quản trị truyền thống như Quản trị bằng Luật lệ (Mangement by Polices) hay Quản trị bằng Mục tiêu (Management by Objectives) thì Quản trị bằng Văn hóa (Management by Culture) chính là tương lai của quản trị và tương lai của lãnh đạo trong một thế giới đầy biến động và trong một thời đại mà con người ngày càng trở nên độc lập và tự do hơn. Cuốn sách này có sự tích hợp xuyên suốt từ tinh thần, tư tưởng và triết lý cho đến phương pháp và giải pháp, cũng như có sự kết nối 5 chủ thể văn hóa là cá nhân, bộ phận, tổ chức, kinh thương, và quốc gia. Đặc biệt, những tư duy và phương pháp cốt lõi về xây dựng và chuyển đổi văn hóa được chia sẻ trong cuốn sách này có tính nguyên lý, nên không chỉ áp dụng cho các doanh nghiệp, mà còn có thể áp dụng cho mọi loại hình tổ chức khác, bao gồm cả trường học, bệnh viện, báo chí, các tổ chức xã hội, cơ quan nhà nước, hay các tổ chức phi chính phủ.\r\n\r\nVề tác giả Giản Tư Trung:\r\n\r\nTác giả Giản Tư Trung hiện là Chủ tịch sáng lập Học viện Quản Lý PACE, Hiệu trưởng Trường Doanh Nhân PACE, Viện trưởng Viện Giáo Dục IRED, Phó Chủ tịch Quỹ Văn hóa Phan Châu Trinh, Trưởng Ban Tổ chức Giải thưởng Sách Hay và Chủ nhiệm IPL Scholarship. Ông nhận bằng Thạc sĩ về Nghiên cứu Phát triển tại Học viện Sau Đại học Geneva; Tu nghiệp về Chính sách Giáo dục Quốc tế tại Đại học Harvard; Tốt nghiệp Tiến sĩ về Giáo dục tại Học viện Giáo dục Quốc gia Singapore; và tốt nghiệp Tiến sĩ về Giáo dục tại Đại học London (UCL). Với những cống hiến của Ông cho giáo dục, Diễn Đàn Kinh Tế Thế Giới đã vinh danh Ông là một Nhà lãnh đạo toàn cầu trong vai trò là một Nhà hoạt động giáo dục.', 1, '1', '1736334864_QuanTriVanHoa.png', '2025-01-07 17:00:00', '2025-01-07 17:00:00'),
(5, 'Hồ Sơ Tâm Lí Tội Phạm - Tập 1', 4, 80000.00, 120000.00, 5000, 2020, 'BỘ SÁCH CHẤN ĐỘNG NHẤT VỀ TÂM LÍ TỘI PHẠM. PHƠI BÀY TRỌN VẸN NHỮNG GÓC KHUẤT NỘI TÂM CỦA KẺ THỦ ÁC.\r\n\r\nKể từ khi nghiên cứu tâm lí học tội phạm đến nay, tôi đã chứng kiến rất nhiều tội ác muôn hình vạn trạng, nhưng hầu hết tất cả những hành vi biến thái đó đều ẩn chứa đằng sau một động cơ chung: Khát vọng được quan tâm và yêu thương.\"\r\n\r\nTrước đây, trên thế giới từng có những vụ trọng án đi vào ngõ cụt, bởi tất cả các bằng chứng và dấu vết đã bị kẻ thủ ác khôn ngoan xóa sạch. Trong lịch sử, không hề hiếm những vụ án mà cảnh sát phải bó tay, không thể bắt hung thủ hiện nguyên hình.\r\nNgày nay, ngoài các kĩ thuật hình sự hỗ trợ điều tra tội phạm, thì tâm lí học tội phạm chính là một trong những “kĩ thuật bóc tách” hung thủ từ các nghi can. Những kẻ giết người hàng loạt thực hiện hành vi tàn nhẫn hết lần này đến lần khác mà không để lại chút sơ hở nào, vậy giữa biển người mênh mông làm sao có thể khoanh vùng và tìm được kẻ thủ ác? Những nhà tâm lí học tội phạm dựa vào các hành vi gây án hay còn gọi là chứng cứ hành vi để phân tích tâm lí của kẻ thủ ác và bước đầu phác họa hồ sơ tội phạm, giúp thu hẹp phạm vi điều tra.\r\n\r\nTừ sự nắm bắt và quan sát tinh vi dựa trên tâm lí, các cảnh sát hình sự phải mò mẫm trong con đường hầm mờ tối để lần ra manh mối và dấu vết. Con đường ấy vô cùng vất vả và gian truân, sẽ có những vấp ngã, sẽ có đau đớn và hiểm nguy, nhưng cuối đường hầm luôn là ánh sáng. Bởi vì công lí cuối cùng sẽ đánh bại cái ác, kể cả khi công lí tới sau. Cuốn sách mà các bạn đang cầm trên tay sẽ đưa chúng ta đến với những trải nghiệm của các điều tra viên, thấu hiểu sự hi sinh và mất mát của lực lượng cảnh sát, đào sâu tìm hiểu những kiến thức tâm lí học tội phạm ứng dụng. Các tình tiết truyện đan xen, hấp dẫn nhưng cũng chất chứa trong đó giá trị nhân văn sâu sắc. Có lẽ khi đọc cuốn tiểu thuyết này, chúng ta càng thấm thía câu nói: “Hiền dữ phải đâu là tính sẵn. Phần nhiều do giáo dục mà nên.”\r\n\r\nTác giả Cương Tuyết Ấn là người thành phố Đại Liên, tỉnh Liêu Ninh. Những năm trở lại đây, ông kiên trì sáng tác những tác phẩm trinh thám về điều tra hình sự có liên quan tới tâm lí tội phạm.\r\n\r\nMỗi câu chuyện dưới ngòi bút của ông đều dẫn dắt người đọc vào thế giới suy luận hồi hộp, gay cấn đến nghẹt thở. Tác phẩm tiêu biểu – bộ tiểu thuyết Hồ sơ tâm lí tội phạm – bán chạy ở thị trường Trung Quốc đại lục, Hồng Kông, Đài Loan… Năm 2016 tác phẩm được xuất bản bằng tiếng Anh, bán ở thị trường nước ngoài.', 1, '1', '1736334872_HoSoTamLyToiPham.png', '2025-01-07 17:00:00', '2025-01-07 17:00:00'),
(6, '5 Nguyên Tắc Thép, 15 Thuật Bán Hàng Thành Công', 7, 30000.00, 60000.00, 5000, 2020, '5 nguyên tắc thép, 15 thuật bán hàng thành công\r\n\r\nKhách hàng có mua sản phẩm của bạn hay không, điều này không chỉ phụ thuộc vào chất lượng sản phẩm ưu việt bạn mang lại, mà còn phụ thuộc vào kĩ năng bán hàng tuyệt vời của bạn. Trong quá trình mua hàng và bán hàng tồn tại rất nhiều hoạt động tâm lí có thể ảnh hưởng đến hành vi của khách hàng. Cuốn sách này sẽ lí giải trong quá trình bán hàng, người bán hàng cần có kĩ năng gì, nên áp dụng các thuật tâm lí như thế nào để tác động tích cực đến khách hàng và khiến khách hàng nảy sinh hành vi mua hàng.\r\n\r\nNếu như bạn là một người tiêu dùng, sau khi đọc cuốn sách này rồi, tôi hi vọng trước khi mở hầu bao, bạn nên thử nghiêm túc nghĩ xem: Thứ mà mình định mua có thực sự cần thiết hay không? Nếu bạn là một người bán hàng, tôi hi vọng rằng bạn, với nhân cách cao đẹp của mình, có thể sử dụng tốt những kĩ năng bán hàng mà tất cả mọi người đều có thể chấp nhận đã được mô tả cuốn sách này để phát triển được một thị trường rộng lớn hơn, và tạo ra doanh số bán hàng tuyệt vời hơn.', 1, '1', '1736334880_5NguyenTacThep.png', '2025-01-07 17:00:00', '2025-01-07 17:00:00'),
(7, 'Chính Sách Tiền Tệ Thế Kỷ 21', 8, 80000.00, 300000.00, 5000, 2020, 'Cuốn sách đầu tiên bàn về lịch sử chống lạm phát & khủng hoảng của Cục Dự trữ Liên bang Hoa Kỳ\r\n\r\nChính sách tiền tệ thế kỷ 21 xem xét Fed – cơ quan quản lý chính sách tiền tệ Mỹ của hiện tại và tương lai chủ yếu thông qua lăng kính lịch sử, nhằm giúp người đọc hiểu được Fed đã làm thế nào để đạt được vị trí như ngày nay, học được gì từ những thách thức đa dạng phải đối mặt, và có thể phát triển như thế nào trong tương lai.\r\n\r\nĐược viết bởi Ben S. Bernanke – người giữ chức Chủ tịch Fed từ năm 2006 đến năm 2014, cuốn sách mang đến cái nhìn tổng quan về quá trình hoạch định chính sách của Fed trong 70 năm qua, cho thấy những thay đổi trong nền kinh tế đã thúc đẩy những đổi mới của Fed như thế nào cũng như những thách thức mới mà Fed phải đối mặt, bao gồm: lạm phát quay trở lại, tiền điện tử, rủi ro bất ổn tài chính gia tăng và các mối đe dọa đối với tính độc lập của tổ chức này.\r\n\r\nNgoài việc giải thích các công cụ hoạch định chính sách mới của hệ thống ngân hàng trung ương, cuốn sách còn kể về những khoảnh khắc kịch tính mà với đó, các quyết định của Fed dưới triết lý của những người từng chèo lái tổ chức này - đã tạo nên nhiều tác động đáng kể. Sách gồm 4 phần:\r\n\r\n1. Sự tăng giảm của lạm phát: bàn về các chiến lược ứng phó của Fed trước Đại Lạm Phát (thập niên 60-80 thế kỷ 20) và giai đoạn bùng nổ 1990.\r\n\r\n2. Khủng hoảng tài chính toàn cầu và Đại Suy thoái: bàn về những thách thức của thiên niên kỷ mới, trong đó có suy thoái 2001, giảm phát 2003, Khủng hoảng tài chính toàn cầu (2007-2008) và Đại Suy thoái (2009).\r\n\r\n3. Từ nâng lãi suất đến đại dịch Covid-19: bàn về chiến lược của Fed từ sau thời Bernanke (2014) đến đại dịch Covid-19, gồm các chính sách nâng lãi suất, chính sách tiền tệ trung lập, nỗ lực đảm bảo tính độc lập của Fed và các biến động dưới thời Jay Powell, và chiến lược ứng phó khủng hoảng trong thời kỳ đại dịch Covid-19.\r\n\r\n4. Tương lai phía trước: đánh giá lại các công cụ mà Fed đã áp dụng, bàn về các phương án & công cụ mới để xây dựng chính sách hiệu quả, mạnh mẽ hơn, vai trò của chính sách tiền tệ trong việc duy trì ổn định tài chính, về tính độc lập và vai trò của Fed trong xã hội.\r\n\r\nNhững đánh giá thành công hay thất bại và những bài học trong chính sách tiền tệ của Mỹ trong 70 năm qua từ một chuyên gia như Bernanke chắc chắn là những kiến thức quý báu cho các nhà hoạch định chính sách và các nhà nghiên cứu kinh tế trên thế giới. Hơn thế, người đọc còn học được từ trong cuốn sách này những bài học về lãnh đạo trong những tình huống khó khăn, về các lựa chọn mà những nhà làm chính sách phải đưa ra trong bối cảnh thông tin không đầy đủ.', 1, '1', '1736334887_ChinhSachTienTeTheKy21.png', '2025-01-07 17:00:00', '2025-01-07 17:00:00'),
(8, 'Thám Tử Lừng Danh Conan - Tập 105', 10, 10000.00, 30000.00, 5000, 2020, 'Thám Tử Lừng Danh Conan - Tập 105\r\n\r\nOoka Momiji bị đe doạ đến tính mạng trên tàu shinkansen. Liệu quản gia Iori Muga và mọi người có thể giải cứu cô an toàn!?\r\n\r\nRan dẫn Heiji và các bạn tới một thắng cảnh tuyệt đẹp… Nhưng khi ở trên núi, họ tình cờ gặp một vụ án mạng kì bí! Kaito Kid và Conan sẽ bắt tay hợp tác!? Đối thủ của họ là… Hakuba Saguru!!', 1, '1', '1736334904_ThamTuLungDanhConan105.png', '2025-01-07 17:00:00', '2025-01-07 17:00:00'),
(9, 'Danh Nhân Thế Giới - Marie Curie (Tái Bản 2022)', 11, 8000.00, 30000.00, 5000, 2022, 'Marie Curie là nhà khoa học nữ đầu tiên được nhận hai giải Nobel. Bà đã dành trọn cuộc đời để nghiên cứu khoa học, và cống hiến trọn vẹn những thành tựu to lớn cho nhân loại. Từ nhỏ, Marie Curie là một cô bé thông minh, ham học và rất yêu thích khoa học tự nhiên. Nhưng vì gia đình quá nghèo nên bà phải lao động để kiếm sống. Sau bao nhiêu vất vả gian nan cuối cùng bà đã thực hiện được mơ ước: Bước chân vào giảng đường đại học. Nhờ tài năng, trí thông minh và sự cần cù, Marie Curie đã lần lượt nhận được bằng cử nhân về Vật lí và Toán học.\r\n\r\nBà đã cùng chồng là Pierre Curie nghiên cứu và phát hiện ra nguyên tố mang tính phóng xạ radium và được trao giải Nobel Vật lí. Sau khi ông Pierre qua đời, bà vẫn tiếp tục nghiên cứu, và một lần nữa bà lại được nhận giải thưởng Nobel Hóa học.\r\n\r\nSuốt cuộc đời, cho đến khi trút hơi thở cuối cùng vào năm 1934, bà đã không ngừng nghiên cứu, đóng góp công sức cho khoa học và cho hạnh phúc nhân loại. Cuộc đời của Marie Curie là một tấm gương sáng ngời về nhân cách của một nhà khoa học luôn dành tình yêu cho đất nước, cho khoa học chân chính.', 1, '1', '1736334897_NhanDanhTheGioiMarieCurie.png', '2025-01-07 17:00:00', '2025-01-07 17:00:00');

-- --------------------------------------------------------

--
-- Table structure for table `sessions`
--

CREATE TABLE `sessions` (
  `id` varchar(255) NOT NULL,
  `user_id` bigint(20) UNSIGNED DEFAULT NULL,
  `ip_address` varchar(45) DEFAULT NULL,
  `user_agent` text DEFAULT NULL,
  `payload` longtext NOT NULL,
  `last_activity` int(11) NOT NULL
) ENGINE=InnoDB DEFAULT CHARSET=utf8mb4 COLLATE=utf8mb4_unicode_ci;

--
-- Dumping data for table `sessions`
--

INSERT INTO `sessions` (`id`, `user_id`, `ip_address`, `user_agent`, `payload`, `last_activity`) VALUES
('TUhnRLBKc71iYBOtQoSN9jBdhuGMyEeq0PT60Ive', NULL, '127.0.0.1', 'Mozilla/5.0 (Windows NT 10.0; Win64; x64) AppleWebKit/537.36 (KHTML, like Gecko) Chrome/131.0.0.0 Safari/537.36 Edg/131.0.0.0', 'YTozOntzOjY6Il90b2tlbiI7czo0MDoiclBueEdCZGk0UWkxRjF4dXN0SGVQRVpVUHpFQ3pXbjEzRlh2NXJ4RSI7czo5OiJfcHJldmlvdXMiO2E6MTp7czozOiJ1cmwiO3M6MzM6Imh0dHA6Ly8xMjcuMC4wLjE6ODAwMC9hZG1pbi9ib29rcyI7fXM6NjoiX2ZsYXNoIjthOjI6e3M6Mzoib2xkIjthOjA6e31zOjM6Im5ldyI7YTowOnt9fX0=', 1736334966);

-- --------------------------------------------------------

--
-- Table structure for table `users`
--

CREATE TABLE `users` (
  `id` bigint(20) UNSIGNED NOT NULL,
  `name` varchar(255) NOT NULL,
  `email` varchar(255) NOT NULL,
  `email_verified_at` timestamp NULL DEFAULT NULL,
  `password` varchar(255) NOT NULL,
  `remember_token` varchar(100) DEFAULT NULL,
  `created_at` timestamp NULL DEFAULT NULL,
  `updated_at` timestamp NULL DEFAULT NULL
) ENGINE=InnoDB DEFAULT CHARSET=utf8mb4 COLLATE=utf8mb4_unicode_ci;

--
-- Indexes for dumped tables
--

--
-- Indexes for table `baiviet`
--
ALTER TABLE `baiviet`
  ADD PRIMARY KEY (`id`);

--
-- Indexes for table `cache`
--
ALTER TABLE `cache`
  ADD PRIMARY KEY (`key`);

--
-- Indexes for table `cache_locks`
--
ALTER TABLE `cache_locks`
  ADD PRIMARY KEY (`key`);

--
-- Indexes for table `chitietgiohang`
--
ALTER TABLE `chitietgiohang`
  ADD PRIMARY KEY (`MaChiTietGioHang`),
  ADD KEY `MaSach` (`MaSach`),
  ADD KEY `fk_giohang` (`MaGioHang`);

--
-- Indexes for table `chitiethoadon`
--
ALTER TABLE `chitiethoadon`
  ADD PRIMARY KEY (`MaChiTietHoaDon`),
  ADD KEY `MaHoaDon` (`MaHoaDon`),
  ADD KEY `MaSach` (`MaSach`);

--
-- Indexes for table `danhgiasanpham`
--
ALTER TABLE `danhgiasanpham`
  ADD PRIMARY KEY (`MaDanhGia`),
  ADD KEY `MaHoaDon` (`MaHoaDon`),
  ADD KEY `MaKhachHang` (`MaKhachHang`),
  ADD KEY `MaSach` (`MaSach`);

--
-- Indexes for table `danhmuc`
--
ALTER TABLE `danhmuc`
  ADD PRIMARY KEY (`id`);

--
-- Indexes for table `danhsachyeuthich`
--
ALTER TABLE `danhsachyeuthich`
  ADD KEY `MaKH` (`MaKH`),
  ADD KEY `MaSP` (`MaSP`);

--
-- Indexes for table `failed_jobs`
--
ALTER TABLE `failed_jobs`
  ADD PRIMARY KEY (`id`),
  ADD UNIQUE KEY `failed_jobs_uuid_unique` (`uuid`);

--
-- Indexes for table `giohang`
--
ALTER TABLE `giohang`
  ADD PRIMARY KEY (`MaGioHang`),
  ADD KEY `MaKhachHang` (`MaKhachHang`);

--
-- Indexes for table `hoadon`
--
ALTER TABLE `hoadon`
  ADD PRIMARY KEY (`MaHoaDon`),
  ADD KEY `MaKhachHang` (`MaKhachHang`),
  ADD KEY `PT_ThanhToan` (`PT_ThanhToan`);

--
-- Indexes for table `jobs`
--
ALTER TABLE `jobs`
  ADD PRIMARY KEY (`id`),
  ADD KEY `jobs_queue_index` (`queue`);

--
-- Indexes for table `job_batches`
--
ALTER TABLE `job_batches`
  ADD PRIMARY KEY (`id`);

--
-- Indexes for table `khachhang`
--
ALTER TABLE `khachhang`
  ADD PRIMARY KEY (`MaKhachHang`),
  ADD UNIQUE KEY `TenDangNhap` (`TenDangNhap`);

--
-- Indexes for table `khuyenmai`
--
ALTER TABLE `khuyenmai`
  ADD PRIMARY KEY (`MaKhuyenMai`);

--
-- Indexes for table `lien_he`
--
ALTER TABLE `lien_he`
  ADD PRIMARY KEY (`id`);

--
-- Indexes for table `migrations`
--
ALTER TABLE `migrations`
  ADD PRIMARY KEY (`id`);

--
-- Indexes for table `password_reset_tokens`
--
ALTER TABLE `password_reset_tokens`
  ADD PRIMARY KEY (`email`);

--
-- Indexes for table `phuongthucthanhtoan`
--
ALTER TABLE `phuongthucthanhtoan`
  ADD PRIMARY KEY (`MaPhuongThuc`);

--
-- Indexes for table `sach`
--
ALTER TABLE `sach`
  ADD PRIMARY KEY (`MaSach`),
  ADD KEY `category_id` (`category_id`);

--
-- Indexes for table `sessions`
--
ALTER TABLE `sessions`
  ADD PRIMARY KEY (`id`),
  ADD KEY `sessions_user_id_index` (`user_id`),
  ADD KEY `sessions_last_activity_index` (`last_activity`);

--
-- Indexes for table `users`
--
ALTER TABLE `users`
  ADD PRIMARY KEY (`id`),
  ADD UNIQUE KEY `users_email_unique` (`email`);

--
-- AUTO_INCREMENT for dumped tables
--

--
-- AUTO_INCREMENT for table `baiviet`
--
ALTER TABLE `baiviet`
  MODIFY `id` bigint(20) UNSIGNED NOT NULL AUTO_INCREMENT, AUTO_INCREMENT=13;

--
-- AUTO_INCREMENT for table `chitiethoadon`
--
ALTER TABLE `chitiethoadon`
  MODIFY `MaChiTietHoaDon` bigint(20) NOT NULL AUTO_INCREMENT, AUTO_INCREMENT=6;

--
-- AUTO_INCREMENT for table `danhmuc`
--
ALTER TABLE `danhmuc`
  MODIFY `id` bigint(20) UNSIGNED NOT NULL AUTO_INCREMENT, AUTO_INCREMENT=12;

--
-- AUTO_INCREMENT for table `failed_jobs`
--
ALTER TABLE `failed_jobs`
  MODIFY `id` bigint(20) UNSIGNED NOT NULL AUTO_INCREMENT;

--
-- AUTO_INCREMENT for table `giohang`
--
ALTER TABLE `giohang`
  MODIFY `MaGioHang` bigint(20) NOT NULL AUTO_INCREMENT, AUTO_INCREMENT=2;

--
-- AUTO_INCREMENT for table `hoadon`
--
ALTER TABLE `hoadon`
  MODIFY `MaHoaDon` bigint(20) NOT NULL AUTO_INCREMENT, AUTO_INCREMENT=9;

--
-- AUTO_INCREMENT for table `jobs`
--
ALTER TABLE `jobs`
  MODIFY `id` bigint(20) UNSIGNED NOT NULL AUTO_INCREMENT;

--
-- AUTO_INCREMENT for table `khachhang`
--
ALTER TABLE `khachhang`
  MODIFY `MaKhachHang` bigint(20) NOT NULL AUTO_INCREMENT, AUTO_INCREMENT=5;

--
-- AUTO_INCREMENT for table `khuyenmai`
--
ALTER TABLE `khuyenmai`
  MODIFY `MaKhuyenMai` bigint(20) NOT NULL AUTO_INCREMENT, AUTO_INCREMENT=3;

--
-- AUTO_INCREMENT for table `lien_he`
--
ALTER TABLE `lien_he`
  MODIFY `id` bigint(20) UNSIGNED NOT NULL AUTO_INCREMENT, AUTO_INCREMENT=3;

--
-- AUTO_INCREMENT for table `migrations`
--
ALTER TABLE `migrations`
  MODIFY `id` int(10) UNSIGNED NOT NULL AUTO_INCREMENT, AUTO_INCREMENT=6;

--
-- AUTO_INCREMENT for table `phuongthucthanhtoan`
--
ALTER TABLE `phuongthucthanhtoan`
  MODIFY `MaPhuongThuc` bigint(20) NOT NULL AUTO_INCREMENT, AUTO_INCREMENT=3;

--
-- AUTO_INCREMENT for table `sach`
--
ALTER TABLE `sach`
  MODIFY `MaSach` bigint(20) NOT NULL AUTO_INCREMENT, AUTO_INCREMENT=11;

--
-- AUTO_INCREMENT for table `users`
--
ALTER TABLE `users`
  MODIFY `id` bigint(20) UNSIGNED NOT NULL AUTO_INCREMENT;

--
-- Constraints for dumped tables
--

--
-- Constraints for table `chitietgiohang`
--
ALTER TABLE `chitietgiohang`
  ADD CONSTRAINT `chitietgiohang_ibfk_1` FOREIGN KEY (`MaGioHang`) REFERENCES `giohang` (`MaGioHang`),
  ADD CONSTRAINT `chitietgiohang_ibfk_2` FOREIGN KEY (`MaSach`) REFERENCES `sach` (`MaSach`),
  ADD CONSTRAINT `fk_giohang` FOREIGN KEY (`MaGioHang`) REFERENCES `giohang` (`MaGioHang`);

--
-- Constraints for table `chitiethoadon`
--
ALTER TABLE `chitiethoadon`
  ADD CONSTRAINT `chitiethoadon_ibfk_1` FOREIGN KEY (`MaHoaDon`) REFERENCES `hoadon` (`MaHoaDon`),
  ADD CONSTRAINT `chitiethoadon_ibfk_2` FOREIGN KEY (`MaSach`) REFERENCES `sach` (`MaSach`);

--
-- Constraints for table `danhgiasanpham`
--
ALTER TABLE `danhgiasanpham`
  ADD CONSTRAINT `danhgiasanpham_ibfk_1` FOREIGN KEY (`MaHoaDon`) REFERENCES `hoadon` (`MaHoaDon`),
  ADD CONSTRAINT `danhgiasanpham_ibfk_2` FOREIGN KEY (`MaKhachHang`) REFERENCES `khachhang` (`MaKhachHang`),
  ADD CONSTRAINT `danhgiasanpham_ibfk_3` FOREIGN KEY (`MaSach`) REFERENCES `sach` (`MaSach`);

--
-- Constraints for table `danhsachyeuthich`
--
ALTER TABLE `danhsachyeuthich`
  ADD CONSTRAINT `danhsachyeuthich_ibfk_1` FOREIGN KEY (`MaKH`) REFERENCES `khachhang` (`MaKhachHang`),
  ADD CONSTRAINT `danhsachyeuthich_ibfk_2` FOREIGN KEY (`MaSP`) REFERENCES `sach` (`MaSach`);

--
-- Constraints for table `giohang`
--
ALTER TABLE `giohang`
  ADD CONSTRAINT `giohang_ibfk_1` FOREIGN KEY (`MaKhachHang`) REFERENCES `khachhang` (`MaKhachHang`);

--
-- Constraints for table `hoadon`
--
ALTER TABLE `hoadon`
  ADD CONSTRAINT `hoadon_ibfk_1` FOREIGN KEY (`MaKhachHang`) REFERENCES `khachhang` (`MaKhachHang`),
  ADD CONSTRAINT `hoadon_ibfk_2` FOREIGN KEY (`PT_ThanhToan`) REFERENCES `phuongthucthanhtoan` (`MaPhuongThuc`);

--
-- Constraints for table `sach`
--
ALTER TABLE `sach`
  ADD CONSTRAINT `sach_ibfk_1` FOREIGN KEY (`category_id`) REFERENCES `danhmuc` (`id`);
COMMIT;

/*!40101 SET CHARACTER_SET_CLIENT=@OLD_CHARACTER_SET_CLIENT */;
/*!40101 SET CHARACTER_SET_RESULTS=@OLD_CHARACTER_SET_RESULTS */;
/*!40101 SET COLLATION_CONNECTION=@OLD_COLLATION_CONNECTION */;
